"text","label","source","annotator_notes"
"Jayson Tatum drops 44 points to carry Celtics past Heat 118-107 in Game 5","reaction","hot","Game performance report, no argument"
"Anthony Davis tears ACL in third quarter, Lakers season in serious jeopardy","reaction","hot","Injury news"
"Russell Westbrook retires after 17 seasons, cites diminishing role and desire to walk away on his own terms","reaction","hot","Retirement news"
"Devin Booker wins scoring title with 32.1 PPG average — first for a Suns player since Charles Barkley","reaction","hot","Statistical milestone news"
"Oklahoma City Thunder trade Josh Giddey to Chicago Bulls for Zach LaVine and a first-round pick","reaction","hot","Trade news"
"LeBron James drops 38 points at age 40 — oldest player to score 35+ in a playoff game","reaction","hot","Historic milestone news"
"Milwaukee Bucks hire Doc Rivers as new head coach, replacing Adrian Griffin","reaction","hot","Coaching news"
"NBA suspends Ja Morant 8 games without pay for latest conduct violation","reaction","hot","Disciplinary news"
"Donovan Mitchell pours in 57 points including 21 in the fourth quarter — Cleveland takes Game 3","reaction","hot","Game performance report"
"Golden State Warriors officially retire Klay Thompson's number 11 in emotional ceremony","reaction","hot","Ceremony/franchise news"
"Victor Wembanyama named Defensive Player of the Year in his second NBA season","reaction","hot","Award announcement"
"Portland Trail Blazers win lottery, secure first overall pick — will select Cooper Flagg","reaction","hot","Draft lottery result"
"Nikola Jokic wins his fifth MVP in 6 years — record-tying achievement in NBA history","reaction","hot","Award news"
"Boston Celtics trade Jaylen Brown to Warriors in 3-team deal involving Draymond Green","reaction","hot","Trade news"
"Stephen Curry joins the 4,000 three-pointer club — over 1,000 more than any player in history","reaction","hot","Record/milestone news"
"Zion Williamson cleared to return from foot injury — Pelicans get their star back for playoff push","reaction","hot","Health/return news"
"Giannis Antetokounmpo drops 51 points on 71% shooting in Bucks blowout win over Raptors","reaction","hot","Game performance report"
"Damian Lillard suffers Achilles tear in Game 2, out for remainder of postseason","reaction","hot","Injury news"
"Memphis Grizzlies clinch top seed in Western Conference — first time in franchise history","reaction","hot","Team achievement news"
"Paul George wins Finals MVP as Sixers capture first championship since 1983","reaction","hot","Finals/championship news"
"Cade Cunningham named Eastern Conference Player of the Week for third consecutive week","reaction","hot","Award news"
"New York Knicks agree to 5-year supermax extension with Jalen Brunson — franchise commitment","reaction","hot","Contract news"
"Sacramento Kings clinch playoff berth for second consecutive year — ending years of drought","reaction","hot","Playoff qualification news"
"Karl-Anthony Towns drops 58 points in Knicks win — setting Madison Square Garden scoring record","reaction","hot","Game performance/record news"
"Minnesota Timberwolves complete 4-1 series victory over defending champion Nuggets in second round","reaction","hot","Series result"
"NBA All-Star Game draws lowest ratings in league history — league promises format changes","reaction","hot","Ratings/business news"
"Kyrie Irving named All-NBA First Team despite missing 24 games this season","reaction","hot","Award news"
"Warriors blow 28-point lead in second half, lose to Clippers 119-116 in double overtime","reaction","hot","Game result"
"Dirk Nowitzki inducted into Naismith Basketball Hall of Fame in Springfield ceremony","reaction","hot","HOF induction news"
"Shai Gilgeous-Alexander records first 50-point triple-double in NBA playoff history","reaction","hot","Historic milestone"
"Chicago Bulls fire head coach Billy Donovan after fifth consecutive non-playoff season","reaction","hot","Coaching news"
"Bradley Beal sits out back-to-back for 18th time this season — Suns facing scrutiny","reaction","hot","Load management news"
"LeBron James passes Wilt Chamberlain for most points scored in NBA Finals history","reaction","hot","Record/milestone news"
"Orlando Magic upset Boston Celtics in five games — biggest upset in 2025 playoffs","reaction","hot","Upset/series result"
"Tyrese Haliburton wins Clutch Player of the Year award — first in Pacers history","reaction","hot","Award news"
"Dallas Mavericks waive Tim Hardaway Jr. in salary cap clearing move","reaction","hot","Roster move news"
"Cleveland Cavaliers sign Donovan Mitchell to 5-year supermax extension, cementing his future in Cleveland","reaction","hot","Contract news"
"Jayson Tatum wins All-Star Game MVP in front of hometown Indianapolis crowd","reaction","hot","Event/award news"
"Miami Heat trade Jimmy Butler to Golden State Warriors for Andrew Wiggins and three first-round picks","reaction","hot","Trade news"
"Luka Doncic scores 73 points in regulation — breaking his own single-game record by 4 points","reaction","hot","Record game news"
"New Orleans Pelicans fire Willie Green after two seasons, begin coaching search","reaction","hot","Coaching news"
"Anthony Edwards fined $50,000 by league for throwing ball into stands after foul call","reaction","hot","Fine/discipline news"
"Toronto Raptors select Ace Bailey with the third overall pick in 2025 NBA Draft","reaction","hot","Draft pick news"
"Steph Curry wins Finals MVP at age 37, becoming oldest player to win the award","reaction","hot","Award news"
"Kawhi Leonard plays entire back-to-back for first time in three years — Clippers celebrating","reaction","hot","Health/availability news"
"Ben Simmons makes his return to Philadelphia — booed loudly from opening tip to final buzzer","reaction","hot","Return/homecoming news"
"Kevin Durant becomes 4th player in NBA history to score 30,000 career points","reaction","hot","Milestone news"
"NBA announces new In-Season Tournament format for 2025-26 season with $2M prize per player","reaction","hot","League news"
"Giannis Antetokounmpo ejected in third quarter for second game in a row — facing fine","reaction","hot","Ejection news"
"Trae Young ruled out for remainder of regular season with torn labrum, Hawks tanking begins","reaction","hot","Injury news"
"Phoenix Suns trade Devin Booker to LA Lakers in salary dump move — Suns in full rebuild","reaction","hot","Trade news"
"Joel Embiid drops 63 points against Spurs — highest single-game total of his career","reaction","hot","Game performance news"
"Los Angeles Clippers trade Kawhi Leonard to San Antonio Spurs in sign-and-trade deal","reaction","hot","Trade news"
"Onyeka Okongwu wins Most Improved Player award — biggest jump in Hawks history","reaction","hot","Award news"
"NBA announces All-Star Weekend will be held in Paris for the first time in 2026","reaction","hot","Event announcement"
"Pascal Siakam wins Sixth Man of the Year in comeback season with Indiana Pacers","reaction","hot","Award news"
"Miami Heat miss playoffs for second consecutive year — first time since 2013","reaction","hot","Season result"
"James Harden signs with Los Angeles Clippers on 2-year, $70 million deal","reaction","hot","Contract news"
"Tyler Herro named Sixth Man of the Year — Heat's third in franchise history","reaction","hot","Award news"
"Golden State Warriors officially pass San Antonio Spurs for most wins in NBA history","reaction","hot","Franchise milestone"
"De'Aaron Fox named to his first All-NBA team after averaging 28 and 9 in Kings breakout season","reaction","hot","Award news"
"Brooklyn Nets fire head coach Jacque Vaughn after 9-game losing streak to start the season","reaction","hot","Coaching news"
"Nikola Jokic records NBA-record 30th triple-double in a single postseason — Denver advances","reaction","hot","Record milestone"
"Victor Wembanyama wins Rookie of the Year unanimously — first unanimous ROY since Blake Griffin","reaction","hot","Award news"
"Atlanta Hawks trade Trae Young to Dallas Mavericks for Luka Doncic — blockbuster deal stuns league","reaction","hot","Trade news"
"Minnesota Timberwolves win first NBA championship in franchise history","reaction","hot","Championship news"
"Klay Thompson signs 3-year deal with Dallas Mavericks after Warriors buyout","reaction","hot","Contract news"
"Draymond Green suspended indefinitely after punching teammate during practice","reaction","hot","Suspension/discipline news"
"Caitlin Clark named WNBA MVP in unanimous vote — first unanimous since Lauren Jackson","reaction","hot","Award news"
"San Antonio Spurs win NBA lottery — will get first pick to pair with Victor Wembanyama","reaction","hot","Lottery result"
"LeBron James is a better player than Jordan ever was and it's not even close anymore. Jordan played in an era where the West was essentially one good team. LeBron faced actual competition every year.","hot_take","controversial","GOAT claim asserted with one weak point about era. No metrics cited. → hot_take"
"Jaylen Brown is more valuable than Jayson Tatum to the Celtics — prove me wrong. Brown's defensive versatility and second-option scoring without the ball are irreplaceable. Tatum gets the credit but Brown is the glue.","hot_take","controversial","Player valuation opinion, no advanced metrics cited to support claim"
"Zion Williamson is the biggest bust in NBA history relative to his hype and draft position. When healthy he's good. But 'when healthy' is doing a lot of work there after 5 seasons.","hot_take","controversial","Bust assertion with vague evidence (health) but no injury % or availability stats"
"The 2004 Pistons are the most impressive Finals winner of the modern era — pure team basketball beating a superteam. No star, just system. If Lamar Odom doesn't stink in that series, nobody remembers this team.","hot_take","controversial","Bold championship ranking claim, one counterfactual but no comparative team metrics"
"Rudy Gobert is the most overpaid player in NBA history per his actual impact on winning. Three DPOY awards and his teams consistently underperform. The contract is an ongoing disaster.","hot_take","controversial","Characterization as 'most overpaid ever' without contract value vs win-share data"
"KD should be ranked outside the top 5 all-time. He's never led a team without an established superstar next to him. His rings are borrowed.","hot_take","controversial","Hall of fame ranking opinion. 'Borrowed rings' is a characterization not a metric"
"Carmelo Anthony's Olympic performances should bump him into the GOAT conversation. Nobody talks about his USA Basketball legacy. Three gold medals and the greatest international scorer in US history.","hot_take","controversial","GOAT claim extension based on Olympic success without comparative metrics vs other international stars"
"Ja Morant would be a top-5 player in the league if he could stay out of trouble. The basketball ability is undeniable — the off-court issues are the only thing holding him back.","hot_take","hot","Bold potential ranking with character-based qualifier, no on-court stats cited"
"The Warriors dynasty is more impressive than any other dynasty in the salary cap era because they did it with homegrown talent first. Adding KD was just peak dominance on top of an already built foundation.","hot_take","top","Dynasty ranking claim. 'Homegrown talent first' is selective framing — the KD recruitment is minimized"
"Trae Young is a defensive liability so bad he should disqualify himself from All-NBA consideration. I've watched him and he just doesn't try. He's Harden-level bad and nobody says it.","hot_take","controversial","Defensive criticism as disqualifying claim without DRTG, BPM, or on-ball data"
"Anthony Edwards is going to be the best player in the world by 2027 and it's not even a debate anymore. The ceiling is higher than anything we've seen since LeBron came into the league at 18.","hot_take","hot","Bold future ranking claim, LeBron comp asserted without any metrics or development trajectory data"
"The play-in tournament rewards mediocrity and should be eliminated immediately. A team that couldn't win more than 6 of 10 games shouldn't have a real shot at a title.","hot_take","controversial","Policy opinion with rhetorical math but no evidence on competitive outcomes or fan engagement"
"James Harden's step-back three-point shot is the most unguardable move in NBA history. No one from any era could have stopped it. Kobe? Jordan? Impossible. The geometry doesn't allow it.","hot_take","hot","Superlative shot claim with era comparison asserted without defensive data"
"Scottie Pippen deserves far more credit for the Jordan dynasty — six championships with arguably the 8th best player as your co-star is less impressive than people admit.","hot_take","controversial","Historic co-star ranking without comparative VORP or Win Shares from that era"
"Kobe Bryant was a better offensive player than Michael Jordan in his prime, peak-for-peak. Jordan was a better athlete but Kobe had a more complete offensive toolkit.","hot_take","controversial","Peak offensive comparison, 'more complete toolkit' claimed without shot chart or efficiency data"
"The modern NBA is unwatchable unless your team is in the game. Load management, pace of play, and flopping have completely ruined the product.","hot_take","controversial","Broad aesthetic take with three unsupported claims stacked together"
"Nikola Jokic would average 35 points per game if he wanted to — he's just choosing to be a playmaker. His offensive ceiling is untouched.","hot_take","hot","Speculative 'could average X' claim without any volume/efficiency projection data"
"Luka Doncic has a better chance of becoming the all-time leading scorer than LeBron did at the same age. The efficiency is better, the usage is comparable, and he's entering his prime.","hot_take","top","Projection comparison — 'better chance' stated without age-matched PPG/game data comparison"
"Steve Nash's two MVPs are the most undeserved back-to-back awards in league history. Phoenix's system was so advanced that anyone could have averaged 20 and 10 in it.","hot_take","controversial","Historical MVP denigration, 'anyone could have' is an assertion about system vs individual"
"The Knicks' 1994 team deserved to beat the Rockets. That series was stolen by awful officiating. Ewing and Mason were the best front court in the East that year.","hot_take","controversial","Counterfactual championship claim based on officiating — no foul data cited"
"Victor Wembanyama is already better than Giannis was at the same age, which means we're looking at a 2-3x MVP and possible GOAT dark horse within a decade.","hot_take","top","Age-matched comparison made with GOAT projection — no specific statistical age-match data"
"Isaiah Thomas's 2017 playoff run is the most impressive individual postseason in modern NBA history and people only forgot because of the trade drama. He averaged 29 and 6 on a bad hip — what do you want from him?","hot_take","top","EDGE CASE: cites stats (29 and 6) and specific physical context (bad hip) but the 'most impressive ever' framing is asserted → hot_take"
"Kevin Durant staying in Phoenix instead of requesting a trade again is proof his competitive fire is gone. True competitors don't settle for comfortable losing situations.","hot_take","controversial","Character judgment stated as fact without any evidence of effort level or competitive intent"
"Dwyane Wade is not a top-10 player of all time and the Miami fanbase has convinced themselves otherwise. His career peak is Hall-worthy but his sustained excellence doesn't match the players ranked above him.","hot_take","controversial","Historical ranking with one reasonable supporting claim but no comparative data"
"The Los Angeles Lakers will not win a championship in the next 5 years regardless of roster construction because the franchise culture is broken from top to bottom.","hot_take","controversial","Bold multi-year prediction based on vague 'culture' critique with no specifics"
"Defensive Player of the Year has become a meaningless award given to popular players rather than the actual best defenders in the league.","hot_take","controversial","Award legitimacy opinion with no voting data or alternative candidates offered"
"The 2021 Bucks championship is the most overlooked in modern NBA history because Giannis got hurt and came back. The regular season was dominant and people forget how good that team was.","hot_take","top","Historical underappreciation claim, one factual detail (Giannis return) but 'most overlooked' is asserted"
"LeBron James's biggest career mistake was going to Miami instead of Chicago in 2010. With D-Rose and a supporting cast, he could have won 4+ championships without the 'taking my talents' controversy.","hot_take","controversial","Counterfactual career choice speculation with unsupported championship count claim"
"Chris Paul is the most underrated point guard in NBA history. He's never had a legitimate second star and still made it to the Western Conference Finals multiple times.","hot_take","top","Historical ranking with limited evidence (WCF appearances) without efficiency comparison metrics"
"The current generation of NBA players is more physically gifted but less fundamentally sound than any generation before them. You can see it in the mid-range game disappearing.","hot_take","controversial","Generational quality claim using one aesthetic data point (mid-range decline) without underlying shot chart analysis"
"Zach LaVine is a better player than Bradley Beal and has been for years — the media bias toward DC is embarrassing.","hot_take","hot","Player comparison stated as obvious without any statistical basis"
"The Boston Celtics will repeat as champions next year because no team in the East is built to beat them. It's not arrogant — it's just reading the roster.","hot_take","hot","Championship prediction stated as obvious, 'reading the roster' without specific matchup analysis"
"Tyler Herro is the most valuable sixth man in NBA history, better than Ginobili, McHale, and Lamar Odom combined. His shot creation off the bench changes the architecture of the whole offense.","hot_take","controversial","Historical sixth man superlative without comparative metrics across eras"
"The NBA should eliminate the shot clock and let teams hold the ball. The pace revolution has turned basketball into a circus where no defensive scheme can survive.","hot_take","controversial","Rule change opinion with no evidence of fan engagement impact or defensive efficiency trends"
"Joel Embiid is already a top-10 player of all time and the injury narrative has permanently skewed how people evaluate him. His peak is as good as anyone's.","hot_take","top","Historical ranking claimed on peak alone, no games played or longevity factors considered"
"Patrick Beverley is the most overrated defensive player of his generation. 'Pesky defender' is just code for 'foul machine who averages 8 points.'","hot_take","controversial","Defensive player critique with one stat noted but no on-ball or DRTG data"
"The Bucks wasted Giannis's prime and they will not recover during his contract window. The front office is reactive rather than proactive and it's been their pattern for a decade.","hot_take","controversial","Organizational failure claim with 'pattern' assertion but no specific decision evidence cited"
"Caitlin Clark would struggle in the NBA and anyone saying otherwise is just making a political statement. The athleticism gap is real and it's not disrespectful to acknowledge it.","hot_take","controversial","Bold cross-league speculative claim presented as obvious fact without any athletic metric comparison"
"The Detroit Pistons winning in 2004 permanently ruined the concept of a team-first NBA because ownership everywhere immediately tried to reverse-engineer the wrong lesson.","hot_take","top","Historical causation claim about ownership reaction without any drafting/FA data post-2004"
"Jokic winning 5 MVPs means the award no longer captures excitement or marketability — it's just a stats trophy now and that's boring for the sport.","hot_take","controversial","Award philosophy opinion, aesthetic preference presented as a fact about sport health"
"Marcus Smart is the most impactful player per possession in NBA history when you look at the full picture. Leadership, defense, IQ, communication — he grades out elite.","hot_take","top","EDGE CASE: 'per possession' implies metric basis but no specific numbers cited. 'Full picture' is vague → hot_take"
"Devin Booker is a top-5 player right now and anyone who disagrees is still blaming him for the team's record. Individual excellence and team success are separate things.","hot_take","hot","Current ranking claim, reasonable rebuttal attempt but no specific stats cited"
"The NBA's handling of player empowerment has destroyed small markets permanently. No star will ever willingly choose Memphis or Indiana over LA or Miami.","hot_take","controversial","Bold structural claim about small markets with no citation of free agency data"
"Harden in his prime (2019 OKC through 2022 Brooklyn) was the most dominant offensive player the NBA has ever seen. Jordan never faced the same defensive attention and still scored less efficiently.","hot_take","controversial","Era offensive comparison, 'defensive attention' claim without on-ball defensive pressure data"
"The Sacramento Kings winning a ring in the next 3 years would be the most heartwarming story in NBA history — and I genuinely believe it's possible with their current core.","hot_take","hot","Bold future championship prediction for a non-contending team stated with personal belief"
"Donovan Mitchell is fundamentally a first-option scorer trapped on a team that can't make him the unquestioned number one. Put him in New York and he wins a scoring title.","hot_take","top","Hypothetical player elevation claim without volume/efficiency data to support scoring title projection"
"The Warriors blowing a 3-1 Finals lead in 2016 is the most consequential loss in NBA history because it directly caused KD to join them and altered the entire league's competitive balance.","hot_take","top","Historical causation claim. The KD decision had multiple factors — assigning 100% causation to one series is an overreach"
"Magic Johnson was a better basketball player than Larry Bird and the only reason this debate exists is white fanbase nostalgia for an era they romanticize.","hot_take","controversial","GOAT comparison with a social causation claim asserted without evidence"
"Giannis Antetokounmpo is the most impressive physical specimen to ever play basketball and it should end all conversation about whether he belongs among the greatest ever.","hot_take","top","Physical/historical ranking claim where athleticism is used as a proxy for basketball greatness without metrics"
"The NBA's pace of play revolution peaked around 2018 and has been declining in quality ever since. Efficiency has become the enemy of entertainment.","hot_take","controversial","Aesthetic pace claim with a year estimate but no pace data or viewership correlation"
"Ja Morant is a better basketball player right now than Damian Lillard, and that's not a controversial statement — it's a reading of the box score.","hot_take","hot","Player comparison stated as obvious box score reading without citing specific stats"
"The 76ers are cursed and no organizational restructuring will save them. Sam Hinkie's ghost haunts every draft pick.","hot_take","controversial","Fatalistic organizational claim with a narrative metaphor, no data"
"Ben Simmons's career is a cautionary tale about the NBA's obsession with versatility at the expense of skill development. Nobody asked him to add a jumper early enough.","hot_take","top","Player development blame opinion with organizational causation claimed without specific developmental timeline"
"Klay Thompson in his prime (2015-2019) was the most dangerous catch-and-shoot player in NBA history including all eras and all countries.","hot_take","top","Historical catch-and-shoot ranking. 'Including all eras' is asserted without international player comparison data"
"Wilt Chamberlain's career numbers are a complete lie and should have an asterisk. He played 48 minutes a game against guys who had day jobs. The stat book means nothing for his era.","hot_take","controversial","Era dismissal with one factual point (48-minute games) but overreaches by claiming 'complete lie'"
"The Milwaukee Bucks are two star power additions away from being a dynasty again and every smart roster builder should be targeting them in free agency.","hot_take","hot","Bold roster potential claim without specific cap space or star availability evidence"
"Giannis taking less money to stay in Milwaukee is the most selfless act by any star player in the history of the salary cap era.","hot_take","top","Superlative characterization of a player decision without comparing to other below-market deals (e.g., Duncan)"
"Luka Doncic cares more about his personal stats than winning and the Mavericks' ceiling is permanently limited because of it.","hot_take","controversial","Character-based winning ceiling claim asserted without plus-minus or team performance data"
"Kevin Durant is the greatest small forward to ever play basketball and there is no second place. He's better at basketball than Scottie Pippen, Larry Bird, and LeBron at that specific position.","hot_take","top","Position-based historical ranking with no comparative data on any of the named players"
"Julius Randle is the most overrated player on an NBA roster right now and the Knicks front office refuses to acknowledge the Randle problem.","hot_take","controversial","Overrated claim with organizational blame asserted without usage vs efficiency data"
"Russell Westbrook's career is the NBA's greatest example of statistics masking a negative impact on winning. His triple-doubles are a function of shot-taking and poor rebounding judgment, not excellence.","hot_take","controversial","Strong efficiency critique with one specific claim (rebounding judgment) but no specific +/- or on/off data"
"The NBA All-Star Weekend is dying and the league should just cancel it. Nobody watches the game, the dunk contest is a shadow of itself, and the three-point contest is the only watchable event left.","hot_take","controversial","Event quality opinion with unsupported TV ratings claim for specific events"
"Kawhi Leonard's two different Finals MVPs on two different teams make him the most clutch player in modern NBA history — better in big moments than anyone currently playing.","hot_take","top","Clutch ranking from Finals MVPs without comparison to other candidates' big-moment data"
"The NBA's flopping problem is worse than it's ever been and the fines aren't doing anything — they need lifetime bans after three confirmed flops.","hot_take","controversial","Policy opinion on flopping with escalation proposal, no flop rate data cited"
"Draymond Green's basketball IQ is in the top 5 all-time at his position. His understanding of spacing, leverage, and defensive rotation is generational.","hot_take","top","Position IQ ranking asserted without defining position or comparative defensive metrics"
"The Chicago Bulls would have won 3 more championships if Scottie Pippen hadn't forced a trade and cost them the 1994 season. His legacy should reflect that selfishness.","hot_take","controversial","Counterfactual championship claim based on one Pippen decision without roster analysis"
"The modern NBA center is extinct. Jokic is the only true center left worth paying maximum money, and everyone else is just a stretch big or a play-center.","hot_take","top","Position death claim. Overreaches by implying Jokic is the only max-worthy center without positional analysis"
"Pascal Siakam is as good as Jayson Tatum and the only reason he gets less recognition is because he plays in Toronto.","hot_take","hot","Player comparison stated without supporting stats, market bias claimed as sole explanation"
"The current refs are the worst generation of NBA officiating in the league's history and instant replay has made it worse, not better.","hot_take","controversial","Officiating quality claim as worst-ever with an ironic point about replay — no error rate data"
"Isaiah Thomas deserved to remain a Celtic and the trade to Cleveland ruined his career. Boston owed him loyalty and the organization revealed its true nature.","hot_take","controversial","Organizational loyalty claim with career trajectory assertion without injury context data"
"I analyzed every LeBron James game-winning shot attempt in the last 5 years and the results are more complicated than the hero/choker narrative. He shoots 38% in those situations, which is actually league average — not historically bad but certainly not elite either.","analysis","top","Specific shot attempt analysis with percentage cited, challenges a binary narrative with data"
"The case for Nikola Jokic as the greatest passing big man in NBA history using assists per 36 minutes, hockey assists, and adjusted assist rate. Even at conservative estimates, his passing throughput at his position is unprecedented.","analysis","top","Multiple passing metrics cited (assists per 36, hockey assists, adjusted assist rate), historical positional comparison"
"Why zone defense has gained traction in the playoffs but not the regular season — a breakdown of when and why coaches deploy it and which offensive archetypes struggle most against it.","analysis","top","Tactical breakdown with specific context (playoffs vs regular season) and offensive archetype analysis"
"Tracking NBA player longevity by position from 2000 to 2024: guards decline earliest, bigs last longest. Here's the age-curve data for every starter position with sample sizes.","analysis","top","Longitudinal position-based aging data with defined methodology and sample size transparency"
"The Thunder's salary cap efficiency in the SGA era is historically unprecedented. They have 4 players on rookie or near-rookie deals combining for 120+ wins per season. No team has done this in the cap era.","analysis","top","Specific contract type analysis (rookie/near-rookie deals) with win totals, defined cap era frame"
"Heat Culture is real and measurable — here's what undrafted and second-round players do after leaving Miami vs. comparable players from other organizations. The career trajectory divergence is significant.","analysis","top","Comparative career outcome analysis across player tiers, specific to coaching/development culture impact"
"Breakdown of how Steph Curry's gravity affects spacing even when he's off the ball. Tracking data shows that two additional feet of space open up for his teammates in possessions where Steph runs a specific screen action.","analysis","top","Tracking data cited, specific spatial measurement (two feet), linked to a particular play type"
"The three-point line moved closer in the mid-90s for two seasons and the effects on offense were measurable: scoring rose 4 PPG leaguewide. This natural experiment tells us something about efficiency and shot selection under different constraints.","analysis","top","Historical rule change as natural experiment, specific PPG change (4 PPG), empirical framing"
"I compared every NBA franchise's average draft position with their corresponding win totals over 20 years. The correlation between drafting in the top-3 and sustained success is weaker than assumed — 60% of top-3 picks don't produce a franchise player.","analysis","top","Longitudinal draft-to-wins correlation with specific percentage claim (60% failure rate), 20-year span"
"Why the Celtics' late-game execution has improved since 2022: comparing their fourth-quarter offensive efficiency before and after hiring Joe Mazzulla vs. the Ime Udoka era. The clutch possession data tells a clear story.","analysis","top","Coach-era comparison using specific offensive metric (4Q efficiency), clutch possession data cited"
"The real cost of tanking: comparing playoff appearance rates and championship probability for teams that spent 3+ years below 30 wins versus teams that stayed competitive and retooled through trades. The tanking premium is smaller than front offices assume.","analysis","top","Long-term outcome comparison across rebuilding strategies, specific team threshold defined, competitive vs. tank"
"Mapping every NBA team's offensive profile by shot type distribution: which teams are most/least three-point reliant, mid-range frequency by team, and how shot quality correlates with wins.","analysis","top","Shot type distribution with multiple variables (3PT, mid-range, quality), win correlation explicitly stated"
"A generational analysis of NBA centers: how does Victor Wembanyama's rookie defensive profile compare to Hakeem Olajuwon, David Robinson, and Patrick Ewing at the same age? Block rate, steal rate, and DRTG adjusted for pace.","analysis","top","Multi-player historical comparison with three specific metrics (block rate, steal rate, DRTG), pace adjustment noted"
"Why the Houston Rockets' 2018 offensive system was actually the NBA's peak offensive innovation: the math of eliminating mid-range shots and the efficiency gain that followed. The numbers are unambiguous.","analysis","top","Tactical/historical analysis of shot selection strategy with efficiency framing, 'mid-range elimination' as thesis"
"The value of the non-scoring playmaker: measuring Chris Paul's career impact on team offensive efficiency relative to his scoring peers. Teams with Paul ran about 4 rating points better than their roster would predict.","analysis","top","Specific offensive efficiency premium cited (+4 rating points), compared against scoring-peer baseline"
"Every NBA Finals upset since 1980, ranked by the betting line going into the series. The 2004 Pistons were the biggest underdog to win, but the 2011 Mavericks overperformed the most in terms of series-level performance vs. seed.","analysis","top","Historical upset ranking using betting lines as measurement, dual ranking frames (underdog vs. overperformance)"
"Aging curves for NBA point guards vs. wing players: a 20-year statistical model showing when each position peaks and how steeply it declines after age 30. The guard cliff is earlier and steeper than assumed.","analysis","top","Position-based aging model with specific timeframe, defines 'guard cliff' with statistical backing"
"How small-ball lineups affect defensive rebounding rate: tracking 500+ possessions across 12 teams this season. Small-ball lineups give up 3.4% more offensive rebounds but generate 2.1% more transition points — the tradeoff is not as clean as coaches claim.","analysis","top","Specific sample size (500+ possessions, 12 teams), quantified tradeoff with two specific percentages"
"The salary cap's hidden distortion: players peak around age 26-28 but sign max deals at 22-24. A market efficiency analysis of how the cap structure creates systematic value misallocation.","analysis","top","Age-curve vs. contract-signing age gap, market efficiency framing, specific age ranges"
"Comparing international NBA stars: how has the league's global talent pipeline changed from the 2000s to today? Draft percentage of international players, their starter rates, and average career length all increased significantly.","analysis","top","Longitudinal international talent analysis with three specific metrics (draft %, starter rate, career length)"
"Breaking down Giannis Antetokounmpo's rim pressure using opponent shot quality data: when Giannis sets the angle of an attack, opposing help defenders give up 15% more open threes. His gravity at the rim is as impactful as Curry's at distance.","analysis","top","Specific gravity metric (15% more open threes), direct comparison to Curry's spacing with parallel framing"
"The historical case for Tim Duncan as the greatest power forward ever: Win Shares per season from age 21-35, championship production, and consistency metrics all favor Duncan over KG and Barkley.","analysis","top","Multi-metric historical comparison (WS/season, championships, consistency), three specific candidates named"
"Load management's actual effect on playoff performance: comparing players who sat 15+ regular season games to those who played full schedules. The rested players outperformed in round 1 but showed no advantage by round 2.","analysis","top","Natural experiment on rest effects, specific game threshold defined, round-by-round performance comparison"
"Defensive spectrum analysis: which positions cause the most wins above replacement on defense alone? A positional DRTG impact model adjusted for schedule and minutes shows rim protectors and perimeter disruptors are equally valuable.","analysis","top","Positional DRTG model with schedule adjustment, specific finding about equal positional value"
"The economic impact of NBA team relocation: comparing Sacramento (Kings) and Oklahoma City (SuperSonics) 15 years after their franchise decisions. Local GDP impact, civic identity data, and arena construction value show relocation winners and losers.","analysis","top","Economic analysis with specific metrics (local GDP, arena value) and a defined 15-year time horizon"
"I pulled every play-in game result since the format started and compared series outcomes for 7-8 seeds vs. 5-6 seeds in the first round. Play-in teams advance at 28% — below the expected 36% for their seeding — suggesting the extra games do create a meaningful disadvantage.","analysis","top","Play-in format analysis with specific rates (28% vs. 36%), explicitly frames the gap as statistically meaningful"
"The full statistical case for Dwyane Wade as top-10 all time: his True Shooting percentage was elite, his Finals performances were historically great, and his on-court plus-minus in peak years was top-3 in the league.","analysis","top","Multi-metric historical ranking with TS%, Finals stats cited, specific +/- ranking at peak"
"How officiating changes in the 2023-24 season (specifically, the new blocking/charging criteria) affected points in the paint and fourth-quarter fouling rates. League-wide FTA per game dropped 2.3 in year one of the new rules.","analysis","top","Rule change analysis with specific outcome metric (FTA per game drop of 2.3), year-one framing"
"Why the Spurs 1999-2014 system produced more second-round stars than any franchise: a talent identification and development analysis. They turned 19 second-round picks into starters during that window.","analysis","top","Specific player development metric (second-round picks to starters), defined franchise window, organizational focus"
"A shooting efficiency breakdown by zone: which players are most effective from the corners (the highest expected value three), and which teams over/under-weight corner attempts in their system.","analysis","top","Shot zone analysis with specific location (corner three), EV framing, both player and team level analysis"
"The Raptors 'four out, one in' offensive experiment in the 2019 playoffs: tracking how spacing affected Leonard's isolation efficiency and comparing it to their regular season ISO data. The post-season adjustment created 3.2 more points per 100 possessions.","analysis","top","Specific tactical experiment, regular vs. playoff data comparison, specific efficiency gain cited (3.2 per 100)"
"Evaluating trade efficiency since 2010: which teams have gotten the most wins per dollar of traded assets? Looking at win-shares gained vs. wins-shares surrendered, adjusted for age curves.","analysis","top","Trade value analysis framework, specific metric (WS gained vs. surrendered), age adjustment noted"
"The case that the 2016 Cleveland Cavaliers comeback is the greatest team performance in NBA Finals history — not because they came back from 3-1 but because of how they did it: specific lineup and defensive adjustment data from games 5-7.","analysis","top","Cites specific lineup/defensive adjustment data from specific games — verifiable methodology"
"How Ben Simmons's lack of a jump shot changes his team's offensive geometry: a spacing study showing the defensive sag effect creates open catch-and-shoot opportunities only in specific configurations. The tradeoff is measurable.","analysis","top","Spacing study with specific defensive mechanism (sagging), conditional opportunity analysis, measurable tradeoff framing"
"Tracking how NBA teams use their final two timeouts in regulation: which coaches have the highest win rates in last-possession scenarios, and what play types produce the best shot quality?","analysis","top","Coaching decision data with specific game-state (final two timeouts), shot quality as outcome variable"
"The statistical case for the Clutch Player of the Year being won by the wrong player three out of the last five years: a clutch-time efficiency comparison that shows the award underweights defensive clutch plays.","analysis","top","Historical award analysis with a methodological critique (defensive clutch underweighted), 3/5 year framing"
"How international basketball development models compare: European academy systems vs. US high school to college pipeline. International players have shown higher peak efficiency rates and longer career spans in data from 2010-2024.","analysis","top","Cross-system development comparison with two specific outcomes (peak efficiency, career span), defined time window"
"The age curve for NBA three-point shooting: shooters improve through age 28 then plateau rather than decline until age 32. This challenges the conventional wisdom about shooter 'decline' in the late career.","analysis","top","Age-specific shooting analysis, challenges a specific conventional belief with plateau finding"
"Analyzing the impact of altitude on NBA game outcomes: Denver Nuggets home games show a measurable opponent VO2 decline proxy — visiting teams average 2.4 fewer points in the fourth quarter at altitude compared to Denver's road games.","analysis","top","Environmental factor analysis with specific measurable difference (2.4 points), 4th quarter isolated, home/road comparison"
"The real role of the draft in team building: teams that relied primarily on free agency vs. draft-and-develop since 2010. Championship probability is significantly higher for teams with a drafted franchise player as the core.","analysis","top","Team building strategy comparison, championship probability as outcome, specific strategy buckets defined"
"Decoding the Warriors off-ball movement system: how many screens per possession, average cutter frequency, and the resulting shot quality advantage over league average. The dribble-handoff is the linchpin.","analysis","top","System decoding with specific metrics (screens per possession, cutter frequency), shot quality comparison"
"Why Joel Embiid's case for greatest big man of his generation depends entirely on how you weight availability. His per-75-possession numbers are the best in NBA history for a center. His per-season numbers are impacted by injury.","analysis","top","Explicit framing of availability vs. efficiency tradeoff, per-75 cited as measurement unit, historical positional context"
"A decade of NBA referee assignment data: which officials call the most fouls, allow the most physical play, and how consistent are their patterns across 10 seasons? The variation is larger than fans assume.","analysis","top","Longitudinal referee data with three specific dimensions, frames the finding as surprising"
"How Steph Curry's shooting changed after his ankle surgeries: his shot release speed increased and his movement shooting percentage improved while catch-and-shoot efficiency stayed flat. The post-surgery adaptation is remarkable.","analysis","top","Before/after surgical comparison with specific sub-skills measured (release speed, movement %, catch-and-shoot %)"
"The case for the 1986 Celtics as the best team never to repeat: roster construction, point differential, and opponent quality metrics all put them ahead of teams that are more historically celebrated.","analysis","top","Historical team comparison using point differential and opponent quality metrics, defined team (1986 Celtics)"
"How the NBA's 2023 arena-or-bust CBA negotiations changed player movement: comparing the number of trades, buyouts, and free agency total years committed in the two years before and after the new CBA.","analysis","top","Pre/post CBA player movement analysis with three specific transaction types tracked, two-year comparison window"
"Valuing the backup point guard: how much do teams win above replacement from their 10th and 11th man point guard? Historical data shows bench depth at the position is undervalued in the market by roughly 15-20% vs. observed wins produced.","analysis","top","Roster depth value analysis with specific market efficiency gap (15-20%), specific roster positions defined"
"The free throw rate paradox: players who draw the most fouls tend to shoot the fewest open threes, suggesting teams scheme specifically to contain their primary scoring threat at the cost of perimeter spacing.","analysis","top","Cross-metric relationship analysis (FT rate vs. open 3PT rate) with a specific causal mechanism proposed"
"Breaking down why the 2018 Warriors offense may have been the most efficient in NBA history using relative offensive rating and opponent adjustments. Their regular season ORTG of 114.5 was 7.5 points above league average.","analysis","top","Team offensive efficiency claim with specific ORTG value cited, opponent-adjusted framing, relative comparison stated"
"How player option years affect team planning: teams with multiple players in option years during the same summer show a 23% higher rate of roster turnover the following season, making it harder to sustain continuity.","analysis","top","Contract structure analysis with specific percentage finding (23% higher turnover), continuity as outcome"
"Comparing the best shooters by decade: Rick Barry (70s), Larry Bird (80s), Reggie Miller (90s), Ray Allen (00s), Steph Curry (10s). Adjusted TS% and shot difficulty scores put Curry's decade above all others.","analysis","top","Decade-by-decade shooting comparison with adjusted TS% and shot difficulty score, five players named explicitly"
"The 'franchise player curse' in small markets: teams that build around one star for 7+ years without a championship contention window lose that player in 80% of cases via trade or free agency. Loyalty has a floor.","analysis","top","Small market retention analysis with specific duration threshold (7+ years) and specific departure rate (80%)"
"Why team defensive rating matters more than individual blocks or steals for championship prediction: regression analysis of defensive metrics shows DRTG is 2.3x more predictive of Finals appearances than DPOY-level individual stats.","analysis","top","Regression analysis result cited, specific predictive multiplier (2.3x), individual vs. team defensive distinction"
"Historical analysis of which college basketball programs produce the most impactful NBA players by Win Shares: Kentucky leads raw numbers but Duke leads in per-draft-pick efficiency. The talent pipeline quality differs from talent pipeline volume.","analysis","top","College-to-NBA analysis with Win Shares as metric, distinguishes volume vs. per-pick efficiency, two programs named"
"How rim protection affects team defensive rating vs. how perimeter defense does: positional defensive attribution analysis across 10 seasons shows rim protectors add ~2 points of DRTG per 100 possessions vs. ~1.5 for elite perimeter defenders.","analysis","top","Positional defensive attribution with specific DRTG values per position type, 10-season scope"
"I tracked every instance of a superstar player changing teams in the last 20 years and measured the impact on both teams two years out. The team losing the star improved in 64% of cases — the asset return and culture reset matters more than assumed.","analysis","top","Longitudinal trade study (20 years), specific outcome rate (64% improvement), defined time horizon (2 years out)"
"The analytics revolution's blind spot: teams that over-index on three-pointers and paint touches are underweighting the mid-range's psychological impact on defense. Secondary data from eye-tracking studies shows mid-range threats still draw defensive attention.","analysis","top","Analytics critique using secondary data source (eye-tracking), specific mechanism proposed (defensive attention)"
"Why the 2001 Allen Iverson MVP season was more valuable than his critics admit: his PER was 31.1, his usage was among the highest ever recorded, and Philadelphia's win total without him in the lineup was 19 games worse. The gap was real.","analysis","top","Specific PER cited (31.1), usage context, on/off performance gap quantified (19 wins), historical validation"
"The ownership structure's effect on team performance: publicly-owned franchises vs. private investment groups vs. single owners — a 15-year NBA comparison showing single-owner teams have higher payroll efficiency but lower championship probability.","analysis","top","Ownership type comparison with specific metrics (payroll efficiency, championship probability), 15-year window"
"Mapping the career trajectories of NBA players drafted out of one-and-done programs vs. players who stayed 3-4 years in college: multi-year players show lower bust rates (32% vs. 51%) but lower all-star ceilings, suggesting the draft model optimizes for upside at the cost of floor.","analysis","top","One-and-done vs. multi-year college comparison with specific bust rates (32% vs. 51%), frames the tradeoff explicitly"
